[
  {
    "Id": "1227366",
    "ThreadId": "540334",
    "Html": "Hi,\r<br />\n<br />\nI want to search data that is compressed using this algo, can you please guide me how can I do this?\r<br />\n<br />\nThanks,<br />\n",
    "PostedDate": "2014-03-27T07:04:53.883-07:00",
    "UserRole": null,
    "MarkedAsAnswerDate": null
  },
  {
    "Id": "1227423",
    "ThreadId": "540334",
    "Html": "As far as I understand you need to follow three steps:<br />\n<ul>\n<li>Decompress</li>\n<li>Search</li>\n<li>Profit!</li>\n</ul>\n",
    "PostedDate": "2014-03-27T08:55:39.247-07:00",
    "UserRole": null,
    "MarkedAsAnswerDate": null
  }
]