[
  {
    "Id": "1430168",
    "ThreadId": "639871",
    "Html": "Hi,\r<br />\nI just wanted to let users know that <strong>LZ4</strong> is one of several compression libraries that has been adapted for use in <a href=\"http://deltacodec.codeplex.com\" rel=\"nofollow\">DeltaCodec</a>.\r<br />\n<br />\nThis allows a developer to directly encode and decode lists or arrays of any intrinsic data type.\r<br />\nFor example,<br />\n<pre><code>var codec = LZ4DeltaCodec.Instance;\nvar bytes = codec.Encode(IList&lt;T&gt; list);\nvar listOut = codec.Decode&lt;T&gt;(bytes);</code></pre>\n\nCustom codecs or codec methods can be added to handle arbitrarily complex data structures. \r<br />\n<br />\n<strong>Differencing</strong> the time series improves the ratio significantly, and speed can be enhanced by encoding multiple blocks concurrently.\r<br />\nFor example,<br />\n<pre><code>var bytes = codec.Encode(list, numBlocks: 4, level: CompressionLevel.Fastest);</code></pre>\n\nI Hope others will find this useful.\r<br />\n<br />\nbstabile<br />\n",
    "PostedDate": "2015-06-11T15:21:18.227-07:00",
    "UserRole": null,
    "MarkedAsAnswerDate": null
  }
]