[
  {
    "Id": "1248166",
    "ThreadId": "546169",
    "Html": "I am using LZ4(r117) CLI (lz4 -9 [input] [output]) to compress the data and using LZ4Stream to decompress the data with the following code.<br />\n<pre><code>         string lz4File = @&quot;test.lz4&quot;;\n         byte[] buffer = new byte[1024];\n         using(var fs = new FileStream(lz4File, FileMode.Open, FileAccess.Read, FileShare.Read, 1024*1024))\n         using (var lzStream = new LZ4Stream(fs, CompressionMode.Decompress))\n         {\n            int bytesRead = lzStream.Read(buffer, 0, buffer.Length);\n         }</code></pre>\n\nThe code throws an exception with &quot;Chunk with multiple passes are not supported&quot;. <br />\n<pre><code>at LZ4.LZ4Stream.AcquireNextChunk() in c:\\Users\\xxx\\Downloads\\lz4net-1.0.3.93-src (1)\\lz4net-1.0.3.93\\source\\LZ4\\LZ4Stream.cs:line 241\n\nat LZ4.LZ4Stream.Read(Byte[] buffer, Int32 offset, Int32 count) in c:\\Users\\xxx\\Downloads\\lz4net-1.0.3.93-src (1)\\lz4net-1.0.3.93\\source\\LZ4\\LZ4Stream.cs:line 333\n\nat LZ4.Program.Main(String[] args) in c:\\Users\\xxx\\Downloads\\lz4net-1.0.3.93-src (1)\\lz4net-1.0.3.93\\source\\LZ4Test\\Program.cs:line 19\n</code></pre>\n\nI am wondering if there is any example code to use LZ4Stream. Thanks!<br />\n",
    "PostedDate": "2014-05-21T14:33:04.387-07:00",
    "UserRole": null,
    "MarkedAsAnswerDate": null
  },
  {
    "Id": "1248787",
    "ThreadId": "546169",
    "Html": "Quick answer is: no.\r<br />\nAs LZ4 is block compression algorithm C and C# implementation use different method to put them (those blocks) into stream. Single blocks from lz4 and lz4net are compatible but the streams aren't.\r<br />\n<br />\nOn LZ4 webpage you will find:<br />\n<ol>\n<li>The LZ4 block compression format is detailed here : <a href=\"http://fastcompression.blogspot.com/2011/05/lz4-explained.html\" rel=\"nofollow\">http://fastcompression.blogspot.com/2011/05/lz4-explained.html</a></li>\n<li>\nFile and streaming compression use a container format : <a href=\"http://fastcompression.blogspot.fr/2013/04/lz4-streaming-format-final.html\" rel=\"nofollow\">http://fastcompression.blogspot.fr/2013/04/lz4-streaming-format-final.html</a><br />\n</li>\n</ol>\nWhile lz4net is compatible with 1, it is not compatible with 2.<br />\n",
    "PostedDate": "2014-05-23T02:26:23.747-07:00",
    "UserRole": null,
    "MarkedAsAnswerDate": null
  }
]