[
  {
    "Id": "1093309",
    "ThreadId": "457113",
    "Html": "Hi,\r<br />\n<br />\nI don't have much knowledge about compressors but we have a requirement in our application to compress the JavaScript code beforehand and decompress the code at runtime (self-extracting JavaScript). Lz4hc looks ideal for our requirements considering it's decompression speeds. but I couldn't find any decoders for Lz4/Lz4hc written in JavaScript. So I am planing to write one and have following queries.<br />\n<ol>\n<li>Is it possible to implement a  Lz4 decoder in JavaScript?</li>\n<li>\nIf possible what are the considerations I need to take into account ?\n<ul>\n<li>It is a phone application.</li>\n<li>Script file size is 1.5 - 4 mb after minifying with yuicompressor. </li>\n<li>Encoding ?? base64/utf-16/latin-1 (this is where I am not getting it).</li>\n</ul>\n</li>\n<li>\nIf not possible, are there any alternatives<br />\n<ul>\n<li>\nI already tried other tools like <a href=\"http://dean.edwards.name/packer/\" rel=\"nofollow\">Packer </a> and <a href=\"http://crunchme.bitsnbites.eu/\" rel=\"nofollow\">CrunchMe</a> which generates a self-extractable compressed JavaScript code. But the code extracted by both of them are causing some JavaScript syntax exception which is nearly impossible to debug considering the script size.<br />\n</li>\n</ul>\n</li>\n</ol>\nYour help is highly appreciated.\r<br />\n<br />\nThanks,\r<br />\nAnil<br />\n",
    "PostedDate": "2013-09-16T13:52:23.18-07:00",
    "UserRole": null,
    "MarkedAsAnswerDate": null
  },
  {
    "Id": "1094375",
    "ThreadId": "457113",
    "Html": "I don't know if it works how fast (or rather slow) it is, but I found this: <a href=\"https://github.com/pierrec/node-lz4\" rel=\"nofollow\">https://github.com/pierrec/node-lz4</a><br />\n",
    "PostedDate": "2013-09-19T01:53:55.927-07:00",
    "UserRole": null,
    "MarkedAsAnswerDate": null
  },
  {
    "Id": "1094533",
    "ThreadId": "457113",
    "Html": "Thanks Krashan. I'll verify node-lz4.<br />\n",
    "PostedDate": "2013-09-19T09:13:06.36-07:00",
    "UserRole": null,
    "MarkedAsAnswerDate": null
  },
  {
    "Id": "1094539",
    "ThreadId": "457113",
    "Html": "Please note, though, LZ4Stream which I've implemented is not compatible with node-lz4 stream. So you are limited to &quot;synchronous&quot; mode of node-lz4 (it does not stream it just encodes/decodes whole blocks).<br />\n",
    "PostedDate": "2013-09-19T09:27:20.083-07:00",
    "UserRole": null,
    "MarkedAsAnswerDate": null
  }
]