[
  {
    "Id": "1306014",
    "ThreadId": "567809",
    "Html": "What is the best way to compress data relatively large 2-200 MB.\r<br />\n<br />\nIf it's a 200 MB file, I don't want to load it in ram and then compress it.\r<br />\nWould I get a nice performance if I compress the file with the stream method?\r<br />\n<br />\nDo I lost performance using stream with small files?\r<br />\n<br />\nThx!<br />\n",
    "PostedDate": "2014-09-18T10:25:51.23-07:00",
    "UserRole": null,
    "MarkedAsAnswerDate": null
  },
  {
    "Id": "1306967",
    "ThreadId": "567809",
    "Html": "The is an LZ4Stream class to compress a lot of data. It is as fast as block compression, you may get a little bit worse compression ratio as it is using separate blocks (1MB by default but you can define your own size) instead of &quot;sliding window&quot;. If you are not interested in details than yes: LZ4Stream is your answer.<br />\n",
    "PostedDate": "2014-09-22T03:16:43.027-07:00",
    "UserRole": null,
    "MarkedAsAnswerDate": null
  },
  {
    "Id": "1307062",
    "ThreadId": "567809",
    "Html": "I was not sure about the overhead for each block but it's the only way to get a low memory footprint. \r<br />\n<br />\nThx Krashan.\r<br />\n<br />\nSmall example for others : <br />\n<pre><code>//Compression\nusing (var istream = new FileStream(&quot;uncompressedFile&quot;, FileMode.Open))\nusing (var ostream = new FileStream(&quot;compressedFile&quot;, FileMode.Create))\nusing (var lzStream = new LZ4.LZ4Stream(ostream, System.IO.Compression.CompressionMode.Compress))\n{\n      istream.CopyTo(lzStream);\n}</code></pre>\n\n<pre><code>//Decompression\nusing (var istream = new FileStream(&quot;compressedFile&quot;, FileMode.Open))\nusing (var ostream = new FileStream(&quot;uncompressedFile&quot;, FileMode.Create))\nusing (var lzStream = new LZ4.LZ4Stream(istream, System.IO.Compression.CompressionMode.Decompress))\n{\n      lzStream.CopyTo(ostream);\n}</code></pre>\n\n",
    "PostedDate": "2014-09-22T08:58:29-07:00",
    "UserRole": null,
    "MarkedAsAnswerDate": null
  }
]