[
  {
    "Id": "1203429",
    "ThreadId": "529133",
    "Html": "Hi,<br />\n<br />\nI just wanted to share a very basic example of encode and decode LZ4.<br />\nIf somebody has a better solution for the estimated size of the decompress buffer, please share :)<br />\n<br />\nCheers,<br />\nBagwani<br />\n<pre><code>using System;\nusing LZ4s;\n\nnamespace ExampleLz4\n{\n    public static class Lz4\n    {\n        public static byte[] CompressBytes(byte[] uncompressed)\n        {\n            if (uncompressed == null || uncompressed.Length == 0)\n            {\n                throw new ArgumentException(&quot;uncompressed data is null or size is 0&quot;);\n            }\n\n            return LZ4Codec.Encode32(uncompressed, 0, uncompressed.Length);\n        }\n\n        public static byte[] DecompressBytes(byte[] encoded)\n        {\n            if (encoded == null || encoded.Length == 0)\n            {\n                throw new ArgumentException(&quot;encoded data is null or size is 0&quot;);\n            }\n\n            byte[] decoded;\n\n            // estimate, 10 times the compressed size\n            byte[] buffer = new byte[encoded.Length * 10]; \n            int decodedsize = LZ4Codec.Decode32(encoded, 0, encoded.Length, buffer, 0, buffer.Length, false);\n            \n            if (decodedsize &gt; 0)\n            {\n                decoded = new byte[decodedsize];\n                Array.Copy(buffer, decoded, decodedsize);\n            }\n            else\n            {\n                throw new InvalidOperationException(&quot;Failed to decode&quot;);\n            }\n\n            return decoded;\n        }\n    }\n}</code></pre>\n\n",
    "PostedDate": "2014-02-06T05:50:02.873-08:00",
    "UserRole": null,
    "MarkedAsAnswerDate": null
  },
  {
    "Id": "1229823",
    "ThreadId": "529133",
    "Html": "Hi Krashan,\r<br />\n<br />\nI am trying to de-compress compressed data using LZ4 using this example code in above post, but it take more time than expected like for my case it takes 6mb/sec on i7 8gb ram.  I am looking to improve this speed. Would you please suggest a better way of compression/de-compression?\r<br />\n<br />\nSecondly I am concerned about the following statement in the decompression function.\r<br />\n// estimate, 10 times the compressed size\r<br />\nbyte[] buffer = new byte[encoded.Length * 10]; \r<br />\n<br />\nIn my case it gives error (LZ4 block is corrupted, or invalid length has been given.) until I change it to 30-40 times.\r<br />\n<br />\nThanks<br />\n",
    "PostedDate": "2014-04-03T03:11:40.367-07:00",
    "UserRole": null,
    "MarkedAsAnswerDate": null
  },
  {
    "Id": "1229884",
    "ThreadId": "529133",
    "Html": "I'm not the author of this code, and your concerns are definitely justified. This is generally bad idea to allocate A LOT of memory only because you didn't want to sacrifice 4 bytes to store uncompressed length in a first place.\r<br />\n<br />\nWhen I get home I'll write some Documentation about putting compressed data into some neat envelope.<br />\n",
    "PostedDate": "2014-04-03T06:49:08.913-07:00",
    "UserRole": null,
    "MarkedAsAnswerDate": null
  },
  {
    "Id": "1229895",
    "ThreadId": "529133",
    "Html": "That would be of a great help. waiting... :)<br />\n",
    "PostedDate": "2014-04-03T07:12:50.69-07:00",
    "UserRole": null,
    "MarkedAsAnswerDate": null
  },
  {
    "Id": "1234603",
    "ThreadId": "529133",
    "Html": "I've added some documentation for it. <a href=\"https://lz4net.codeplex.com/wikipage?title=Wrapping%20compressed%20chunk\" rel=\"nofollow\">Check this out</a>.<br />\n",
    "PostedDate": "2014-04-16T01:16:39.203-07:00",
    "UserRole": null,
    "MarkedAsAnswerDate": null
  }
]