[
  {
    "Id": "1201598",
    "ThreadId": "528605",
    "Html": "In &quot;Why use it&quot; section of Home page was written: I needed fast compression to pass huge amount of data to SQL Server over network&quot;.<br />\nIs it possible to write an example how use LZ4 to pass huge amount of SQL Server data over network?<br />\nIs it possible to use LZ4 for below example:<br />\nSqlCommand cmd =new SqlCommand(&quot;SELECT * from big_table&quot;, sqlConnection);<br />\nSqlDataReader reader = cmd.ExecuteReader();<br />\nwhile (reader.Read()) {<br />\n  ...<br />\n}<br />\n<br />\nThanks.<br />\n",
    "PostedDate": "2014-02-01T04:17:46.257-08:00",
    "UserRole": null,
    "MarkedAsAnswerDate": null
  }
]