[
  {
    "Id": "1244786",
    "ThreadId": "545195",
    "Html": "Hi, \r<br />\n<br />\nI just want to point out about the problem which I had. Actually I was going to discuss about turning off the logging/tracing in LibZ/AssemblyResolve event, but fortunately in the meantime it has already done.\r<br />\n<br />\nI have described the deadlock problem here:\r<br />\n<a href=\"https://libz.codeplex.com/discussions/545190\" rel=\"nofollow\">https://libz.codeplex.com/discussions/545190</a>\r<br />\n<br />\nNow I see that the latest version of LZ4NET is built using LibZ v 1.1.0.2 which has already turned the problematic tracing off and it is configurable using windows registry settings.\r<br />\n<br />\nMirec<br />\n",
    "PostedDate": "2014-05-13T05:19:09.31-07:00",
    "UserRole": null,
    "MarkedAsAnswerDate": null
  }
]