[
  {
    "Id": "1201821",
    "ThreadId": "528676",
    "Html": "Hello.\r<br />\n<br />\nI can't decompress my data with LZ4Stream the followed code :<br />\n<pre><code>                byte[] buffer;\n                using (var stream = new FileStream(Path.Combine(_path, documentId + GetDocumentType(typeof (TDocument)).DocumentExtension()),FileMode.Open, FileAccess.Read, FileShare.None))\n                {\n                    using (var lzStream = new LZ4.LZ4Stream(stream, CompressionMode.Decompress, true))\n                    {\n                        buffer = new byte[lzStream.Length];\n                        lzStream.Read(buffer, 0, (int) lzStream.Length);\n                    }\n                }</code></pre>\n\nFailed because lzStream.Length always equals <strong>-1</strong>\r<br />\n<br />\nCompression work well .\r<br />\n<br />\nThanks you for your help<br />\n",
    "PostedDate": "2014-02-02T11:40:30.987-08:00",
    "UserRole": null,
    "MarkedAsAnswerDate": null
  },
  {
    "Id": "1202037",
    "ThreadId": "528676",
    "Html": "It's -1 because it is not known. What you should do is to read until .Read returns 0 (this is the end of stream). That's what you do with streams of unknown length.<br />\n",
    "PostedDate": "2014-02-03T06:06:59.463-08:00",
    "UserRole": null,
    "MarkedAsAnswerDate": null
  }
]