[
  {
    "Id": "1304470",
    "ThreadId": "567368",
    "Html": "Hi !\r<br />\n<br />\nCongratulations, that version is <em>REALLY</em> usefull to .NET codes and very easy to implement.\r<br />\n<br />\nDo your have plans to adopt the newest version of LZ4 (r122) into your library? Can you estimate the date of the new release, if aplicable?\r<br />\n<br />\nThanks a lot for that great job to .NET coders.\r<br />\nBest regards,\r<br />\nDavid<br />\n",
    "PostedDate": "2014-09-13T19:44:37.037-07:00",
    "UserRole": null,
    "MarkedAsAnswerDate": null
  }
]