[
  {
    "Id": "1329883",
    "ThreadId": "574366",
    "Html": "Should LZ4Stream work multi-threaded? Or what does &quot;scalable with multi-cores CPU&quot; mean? Because I cannot see more than 1 CPU busy when using LZ4Stream: HC mode is significantly slower so IO is not the bottleneck then.<br />\n",
    "PostedDate": "2014-12-08T11:41:26.817-08:00",
    "UserRole": null,
    "MarkedAsAnswerDate": null
  },
  {
    "Id": "1398567",
    "ThreadId": "574366",
    "Html": "LZ4 is NOT a parallel algorithm. You can parallelize it yourself (at least LZ4HC) by doing something like AsParallel().Ordered().Select(b =&gt; Compress(b)).\r<br />\nBut by default it is single threaded.<br />\n",
    "PostedDate": "2015-04-01T04:09:18.07-07:00",
    "UserRole": null,
    "MarkedAsAnswerDate": null
  }
]