[
  {
    "Id": "1429828",
    "ThreadId": "639743",
    "Html": "I see failures encoding when length of byte array is less than a certain size (around &lt; 100). Is this expected and if so why? (using safe pure version)<br />\n<br />\nI worked around it by not compressing small byte arrays with a condition like<br />\n<pre><code>  if (pageBytes.Length &gt; s_lz4MinSize)\n  {\n    pageBytes = LZ4Codec.Encode64(pageBytes, 0, pageBytes.Length);\n    Debug.Assert(pageBytes != null);\n  }</code></pre>\n\n",
    "PostedDate": "2015-06-09T18:47:00.213-07:00",
    "UserRole": null,
    "MarkedAsAnswerDate": null
  },
  {
    "Id": "1436301",
    "ThreadId": "639743",
    "Html": "I'm not sure what do you mean as failure. If it needs more bytes than your input data and complains about it? Yes, it is possible. Not all data can be compressed especially small chucks.\r<br />\nThere is function that will calculated how much it may take:<br />\n<pre><code>public static int MaximumOutputLength(int inputLength)\n{\n  return inputLength + (inputLength / 255) + 16;\n}</code></pre>\n\nIf, on the other hand, if you are saying that safe version fail when unsafe works, it is something to look at. Can you provide sample data?<br />\n",
    "PostedDate": "2015-07-28T07:44:41.487-07:00",
    "UserRole": null,
    "MarkedAsAnswerDate": null
  },
  {
    "Id": "1436433",
    "ThreadId": "639743",
    "Html": "I switched to unsafe mode a while back and I tried to reproduce this issue tonight but so far I can't. Function I used from your lib internally uses MaximumOutputPath so it should work but as I recall output could end up even larger than MaximumOutputLength would give you for certain small byte arrays. I put in code to always skip compression if byte array is &lt; 100 bytes since compression normally would not reduce the size anyway in such cases.\r<br />\n<br />\nAll of this is working fine now, I am very happy with this lib, LZ4 compression is really great. Almost same speed as uncompressed data but with space reduction!\r<br />\n<br />\nSee it in work yourself within VelocityDB (<a href=\"http://www.VelocityDB.com\" rel=\"nofollow\">www.VelocityDB.com</a>)\r<br />\n<br />\nI saw that original C code was updated to be even faster in the last year, any plans to update the C# version to be compatible with this improved LZ4?<br />\n",
    "PostedDate": "2015-07-28T19:30:33.353-07:00",
    "UserRole": null,
    "MarkedAsAnswerDate": null
  },
  {
    "Id": "1436552",
    "ThreadId": "639743",
    "Html": "There was some problem with Encode when it could throw IndexOutOfRange exception. \r<br />\nI fixed it and fix is in new repo on GitHub: <a href=\"https://github.com/MiloszKrajewski/lz4net\" rel=\"nofollow\">https://github.com/MiloszKrajewski/lz4net</a>\r<br />\nI'm not sure if it was your problem so I don't know if it fixes it, but you can try.\r<br />\nIt has not been released (as nuget package) as I did not do sanity testing yet.\r<br />\n<br />\nThe new C version has some things which make porting complicated. Yann Collet (The Author) changed the original code to use many small methods. It's, of course, the right thing to do but in .NET it kills performance unless you use aggresive inlining, which is not available in .NET 4, which would mean: no more XP compatibility.\r<br />\n<br />\nThat's kind of big change and I'm not convinced I should do it yet.<br />\n",
    "PostedDate": "2015-07-29T14:02:34.44-07:00",
    "UserRole": null,
    "MarkedAsAnswerDate": null
  }
]