[
  {
    "Id": "1091800",
    "ThreadId": "456696",
    "Html": "Hey,<br />\n<br />\nI am trying to reduce the size of string to be below 150 bytes. I am trying to use LZ4 encoding/Stream.<br />\n<br />\nCan you please guide me on using lz4 ecoding.<br />\n<br />\nthe length of strings I am trying to reduce are around 200 - 600 bytes.<br />\n<br />\nIf LZ4 is not the right one for this problem, can you suggest any other techniques which perform well.<br />\n",
    "PostedDate": "2013-09-12T09:16:13.617-07:00",
    "UserRole": null,
    "MarkedAsAnswerDate": null
  },
  {
    "Id": "1092357",
    "ThreadId": "456696",
    "Html": "I don't think LZ4 would be effective against strings so short. LZ4 is dictionary compression (LZ family) so it reduces repetition. What you need is some entropy coding Arithmetic or Huffman because strings are usually using reduced alphabet. DefalteStream uses Huffman so you can use it.<br />\nImportant: Implementation of DeflateStream in .NET 4 has poor performance against small samples of data. I would make sure to use DefalteStream from DotNetZip or enforce your application to work against .NET 4.5 (they fixed it in 4.5).<br />\n<div style=\"color:Black;background-color:White;\"><pre>\r\n<span style=\"color:Blue;\">const</span> <span style=\"color:Blue;\">string</span> lorem = \n    <span style=\"color:#A31515;\">&quot;Lorem ipsum dolor sit amet, consectetur adipisicing elit, &quot;</span> +\n    <span style=\"color:#A31515;\">&quot;sed do eiusmod tempor incididunt ut labore et dolore magna &quot;</span> +\n    <span style=\"color:#A31515;\">&quot;aliqua. Ut enim ad minim veniam, quis nostrud exercitation &quot;</span> +\n    <span style=\"color:#A31515;\">&quot;ullamco laboris nisi ut aliquip ex ea commodo consequat. &quot;</span> +\n    <span style=\"color:#A31515;\">&quot;Duis aute irure dolor in reprehenderit in voluptate velit &quot;</span> +\n    <span style=\"color:#A31515;\">&quot;esse cillum dolore eu fugiat nulla pariatur. Excepteur sint &quot;</span> +\n    <span style=\"color:#A31515;\">&quot;occaecat cupidatat non proident, sunt in culpa qui officia &quot;</span> +\n    <span style=\"color:#A31515;\">&quot;deserunt mollit anim id est laborum.&quot;</span>;\n\n<span style=\"color:Blue;\">string</span> Compress(<span style=\"color:Blue;\">string</span> text)\n{\n    <span style=\"color:Blue;\">using</span> (<span style=\"color:Blue;\">var</span> mstream = <span style=\"color:Blue;\">new</span> MemoryStream())\n    {\n        <span style=\"color:Blue;\">using</span> (<span style=\"color:Blue;\">var</span> zstream = <span style=\"color:Blue;\">new</span> DeflateStream(mstream, CompressionMode.Compress))\n        <span style=\"color:Blue;\">using</span> (<span style=\"color:Blue;\">var</span> twriter = <span style=\"color:Blue;\">new</span> StreamWriter(zstream, Encoding.UTF8))\n        {\n            twriter.Write(text);\n        }\n        <span style=\"color:Blue;\">return</span> Convert.ToBase64String(mstream.ToArray());\n    }\n}\n\n<span style=\"color:Blue;\">string</span> Decompress(<span style=\"color:Blue;\">string</span> base64)\n{\n    <span style=\"color:Blue;\">using</span> (<span style=\"color:Blue;\">var</span> mstream = <span style=\"color:Blue;\">new</span> MemoryStream(Convert.FromBase64String(base64)))\n    <span style=\"color:Blue;\">using</span> (<span style=\"color:Blue;\">var</span> zstream = <span style=\"color:Blue;\">new</span> DeflateStream(mstream, CompressionMode.Decompress))\n    <span style=\"color:Blue;\">using</span> (<span style=\"color:Blue;\">var</span> treader = <span style=\"color:Blue;\">new</span> StreamReader(zstream))\n    {\n        <span style=\"color:Blue;\">return</span> treader.ReadToEnd();\n    }\n}\n\n<span style=\"color:Blue;\">void</span> Main()\n{\n    <span style=\"color:Blue;\">var</span> original = lorem + lorem + lorem + lorem + lorem;\n    <span style=\"color:Blue;\">var</span> compressed = Compress(original);\n    Console.WriteLine(<span style=\"color:#A31515;\">&quot;{0}:{1}&quot;</span>, compressed.Length, compressed);\n    <span style=\"color:Blue;\">var</span> decompressed = Decompress(compressed);\n    Console.WriteLine(<span style=\"color:#A31515;\">&quot;{0}:{1}&quot;</span>, decompressed.Length, decompressed);\n}\r\n</pre></div>If you don't need string as output (byte[] is sufficient) remove Base64 enconding.<br />\nIf you need even better result search for Ascii85 encoding.<br />\n",
    "PostedDate": "2013-09-13T08:32:29.26-07:00",
    "UserRole": null,
    "MarkedAsAnswerDate": null
  }
]