[
  {
    "Id": "1230882",
    "ThreadId": "541346",
    "Html": "Can I use this library to decompress gzip or zip files?\r<br />\n<br />\nIf so, what is its performance compared to other libraries?\r<br />\n<br />\nThanks.<br />\n",
    "PostedDate": "2014-04-06T02:47:44.563-07:00",
    "UserRole": null,
    "MarkedAsAnswerDate": null
  },
  {
    "Id": "1231248",
    "ThreadId": "541346",
    "Html": "No. This library is not for GZIP or ZIP. It is for LZ4.<br />\n",
    "PostedDate": "2014-04-07T05:54:10.32-07:00",
    "UserRole": null,
    "MarkedAsAnswerDate": null
  }
]