[
  {
    "Id": "1231348",
    "ThreadId": "541484",
    "Html": "Hi,\r<br />\nI wonder if I can use this library with .NET 3.5. Can someone try to do it?\r<br />\nBest Regards,\r<br />\nP-<br />\n",
    "PostedDate": "2014-04-07T08:03:38.28-07:00",
    "UserRole": null,
    "MarkedAsAnswerDate": null
  },
  {
    "Id": "1231903",
    "ThreadId": "541484",
    "Html": "I think there is nothing in C# code which would prevent that it just haven't been done.\r<br />\nC++ code is worse as you need to play a little with libraries it links to, nothing essential though.\r<br />\n<br />\nGood luck! :-)<br />\n",
    "PostedDate": "2014-04-08T07:43:11.82-07:00",
    "UserRole": null,
    "MarkedAsAnswerDate": null
  },
  {
    "Id": "1231907",
    "ThreadId": "541484",
    "Html": "Thank you for your answer. I'll give it a try.<br />\n",
    "PostedDate": "2014-04-08T07:54:43.013-07:00",
    "UserRole": null,
    "MarkedAsAnswerDate": null
  }
]