[
  {
    "Id": "1132194",
    "ThreadId": "472027",
    "Html": "I am looking at the code now, specifically LZ4n project, and I am trying to understand why you have 32 and 64 versions.\r<br />\nAnd a quick scan didn't show anything there that is hard coded for specific bitness.\r<br />\n<br />\nIs that an issue of optimizations?<br />\n",
    "PostedDate": "2013-12-05T08:29:46.57-08:00",
    "UserRole": null,
    "MarkedAsAnswerDate": null
  },
  {
    "Id": "1132539",
    "ThreadId": "472027",
    "Html": "Yes. Performance only. For example one is using 'uints' and the other 'ulongs', that's enough to different performance results (output is binary identical) with different host processes (x86/x64).<br />\nSee: <a href=\"https://lz4net.codeplex.com/wikipage?title=Performance%20Testing&amp;referringTitle=Documentation\" rel=\"nofollow\">https://lz4net.codeplex.com/wikipage?title=Performance%20Testing&referringTitle=Documentation</a><br />\n",
    "PostedDate": "2013-12-06T08:50:55.11-08:00",
    "UserRole": null,
    "MarkedAsAnswerDate": null
  },
  {
    "Id": "1132795",
    "ThreadId": "472027",
    "Html": "Oh, that is great. I am focusing on 64 bits only, and if it can run (even somewhat inefficiently) on 32 bits, this is great.\r<br />\n<br />\nNow, I have a pretty strange need. I need to be able to compress data is isn't sitting on the same memory position.\r<br />\nFor example\r<br />\nvar first = malloc(4096*12);\r<br />\nvar second = malloc(4096 * 16);\r<br />\nvar third = malloc(4096 * 8);\r<br />\n<br />\nAnd now I need to compress all three buffers (which compose a single logical value), but aren't following one another in memory.\r<br />\nAny suggestions on how to do that?\r<br />\n<br />\nCurrent, I have to copy them into a single long buffer, but I would really like to avoid having to do that.<br />\n",
    "PostedDate": "2013-12-07T10:35:23.807-08:00",
    "UserRole": null,
    "MarkedAsAnswerDate": null
  },
  {
    "Id": "1133041",
    "ThreadId": "472027",
    "Html": "You need to put them in continuous block of memory or compress them separately - too much pointer arithmetic.   <br />\n",
    "PostedDate": "2013-12-09T00:41:48.767-08:00",
    "UserRole": null,
    "MarkedAsAnswerDate": null
  }
]