[
  {
    "Id": "441582",
    "Title": "LZ4Stream",
    "LatestDate": "2013-04-25T09:57:38.447-07:00"
  },
  {
    "Id": "453821",
    "Title": "Using LZ4 Stream, TCP?",
    "LatestDate": "2013-09-03T07:51:15.917-07:00"
  },
  {
    "Id": "456696",
    "Title": "LZ4 Coding",
    "LatestDate": "2013-09-13T08:32:29.26-07:00"
  },
  {
    "Id": "457113",
    "Title": "Is it feasible to implement a lz4 decompressor in JavaScript?",
    "LatestDate": "2013-09-19T09:27:20.083-07:00"
  },
  {
    "Id": "472027",
    "Title": "Encode32 vs Encode64",
    "LatestDate": "2013-12-09T00:41:48.767-08:00"
  },
  {
    "Id": "528605",
    "Title": "LZ4 for Sql Server example",
    "LatestDate": "2014-02-01T04:17:46.257-08:00"
  },
  {
    "Id": "528676",
    "Title": "Problem with LZ4Stream",
    "LatestDate": "2014-02-03T06:06:59.463-08:00"
  },
  {
    "Id": "529133",
    "Title": "Example LZ4 compress and decompress",
    "LatestDate": "2014-04-16T01:16:39.203-07:00"
  },
  {
    "Id": "540334",
    "Title": "how search compressed data using this algo",
    "LatestDate": "2014-03-27T08:55:39.247-07:00"
  },
  {
    "Id": "540439",
    "Title": "---",
    "LatestDate": "2014-03-28T09:50:45.997-07:00"
  },
  {
    "Id": "541346",
    "Title": "Decompression gzip files?",
    "LatestDate": "2014-04-07T05:54:10.32-07:00"
  },
  {
    "Id": "541484",
    "Title": ".NET 3.5 compatibility",
    "LatestDate": "2014-04-08T07:54:43.013-07:00"
  },
  {
    "Id": "545195",
    "Title": "Deadlock during jit compilation and logging",
    "LatestDate": "2014-05-13T05:19:09.31-07:00"
  },
  {
    "Id": "546169",
    "Title": "Example use of LZ4Stream",
    "LatestDate": "2014-05-23T02:26:23.747-07:00"
  },
  {
    "Id": "567368",
    "Title": "When newest version avaiable?",
    "LatestDate": "2014-09-13T19:44:37.037-07:00"
  },
  {
    "Id": "567809",
    "Title": "Compress big data",
    "LatestDate": "2014-09-22T08:58:29-07:00"
  },
  {
    "Id": "574366",
    "Title": "Parallelization",
    "LatestDate": "2015-04-01T04:09:18.07-07:00"
  },
  {
    "Id": "639743",
    "Title": "LZ4Codec.Encode64(pageBytes, 0, pageBytes.Length); with small byte arrays",
    "LatestDate": "2015-07-29T14:02:34.44-07:00"
  },
  {
    "Id": "639871",
    "Title": "Time Series Compression with LZ4 using DeltaCodec",
    "LatestDate": "2015-06-11T15:21:18.227-07:00"
  },
  {
    "Id": "644970",
    "Title": "Dod you have a basic introduction / tutorial?",
    "LatestDate": "2015-09-15T02:56:37.113-07:00"
  },
  {
    "Id": "657711",
    "Title": "Multiple Files compression ?",
    "LatestDate": "2016-09-06T07:06:44.05-07:00"
  }
]