[
  {
    "Id": "1444438",
    "ThreadId": "644970",
    "Html": "I wonder if you have some basic introduction or tutorial that would walk me through using your source code?\r<br />\n<br />\nMost people can download the code and open it all up in Visual Studio, but it can be confusing why there are so many projects within the solution, why some are C code, and some have names that match other open source projects. What files am I to use, and what can I remove to get a C# only project working? Are these dependencies, and if so can I build the dependencies to DLL so I can compile on a platform that can't run C/C++ (the game engine Unity 3D)?<br />\n",
    "PostedDate": "2015-09-15T02:56:37.113-07:00",
    "UserRole": null,
    "MarkedAsAnswerDate": null
  }
]