[
  {
    "Id": "1082154",
    "ThreadId": "453821",
    "Html": "I don´t understand how i am supposed to use the LZ4 Stream?<br />\n<br />\nIf i want to do something like this:<br />\n<pre><code>tcp.GetStream().Write(BitConverter.GetBytes(bsize), 0, intsize);\ntcp.GetStream().Write(ms.GetBuffer(), 0, (int)bsize);</code></pre>\n\nBut with LZ4, how am i supposed to do it?<br />\nOr is it not that kind of a stream?<br />\n<br />\nCause i am guessing i am supposed to do like:<br />\n<pre><code>var strum = new LZ4Stream(tcp.GetStream(), System.IO.Compression.CompressionMode.Compress, false);</code></pre>\n\nand then just change tcp.GetStream() to strum, but it doesn´t seem to work as expected.<br />\n<br />\nEDIT:<br />\n<br />\nWell i get the error that multiple chunk passes are not supported.<br />\n<br />\nNot sure why though, i get it here:<br />\n<pre><code>int currentPosition = 0;\n while (currentPosition &lt; length)\n{\ncurrentPosition += strum.Read(tempBytes, currentPosition, length - currentPosition);\n//currentPosition += tt1.GetStream().Read(tempBytes, currentPosition, length - currentPosition);\n}</code></pre>\n\nEDIT 2:<br />\n<br />\nGot it to work, needed to change the blocksize, why is that?<br />\nchanged to 1024 for both decompression and compression.<br />\n",
    "PostedDate": "2013-08-19T06:26:12.467-07:00",
    "UserRole": null,
    "MarkedAsAnswerDate": null
  },
  {
    "Id": "1082174",
    "ThreadId": "453821",
    "Html": "I'm not sure what you are trying to do.\r<br />\nCan you send me mini-solution showing what you want to achieve?<br />\n",
    "PostedDate": "2013-08-19T07:00:28.417-07:00",
    "UserRole": null,
    "MarkedAsAnswerDate": null
  },
  {
    "Id": "1082179",
    "ThreadId": "453821",
    "Html": "I am trying to send stuff in a loop, and recieve them.\r<br />\nIt works with normal tcp streaming.\r<br />\n<br />\nAnd it seems to work with LZ4 Stream, But not when i send .Bmp (i send files). I guess they are to big, or something.\r<br />\nCause if i increase the BlockSize to high, i get exceptions, and if i have it to low, it stutter and lags.\r<br />\n<br />\nBut here is the sending part:<br />\n<pre><code>   while (tcp.Connected &amp;&amp; capcon == true)\n                            {\n                                    using (var ms = new MemoryStream())\n                                    {\n                                        FastMethods.CaptureBitBit(hwnd, JpegParam, jpeg, ms);\n\n                                        bsize = ms.Length;\n\n                                        strum.Write(BitConverter.GetBytes(bsize), 0, intsize);\n\n                                        //tcp.GetStream().Write(BitConverter.GetBytes(bsize), 0, intsize);\n\n                                        strum.Write(ms.GetBuffer(), 0, (int)bsize);\n                                        //tcp.GetStream().Write(ms.GetBuffer(), 0, (int)bsize);\n                                    }\n                                }</code></pre>\n\nSo FastMethods is just a capturing thing, and saves a bitmap into a memorystream (i want to use .bmp, not much use to compress jpeg).\r<br />\n<br />\nAnd then i send the size of the data, and then the actual data.\r<br />\n<br />\nThen on the receiving side:<br />\n<pre><code>//tt1.GetStream().Read(lenArray, 0, 4);\nstrum.Read(lenArray, 0, 4);\n\nwhile(tt1.connected){\n tempBytes = new byte[length];\n                                    ms = new MemoryStream(tempBytes);\n                                    int currentPosition = 0;\n                                    while (currentPosition &lt; length)\n                                    {\n                                        currentPosition += strum.Read(tempBytes, currentPosition, length - currentPosition);\n                                        //currentPosition += tt1.GetStream().Read(tempBytes, currentPosition, length - currentPosition);\n                                    }\n   newImage = Image.FromStream(ms);\n\n    //tt1.GetStream().Read(lenArray, 0, 4);\n\n  strum.Read(lenArray, 0, 4);\n\n      length = BitConverter.ToInt32(lenArray, 0);\n\n }</code></pre>\n\nSo i receive the size from outside the loop for the first run, then i receive it at the end.\r<br />\n<br />\nAnd in the other loop, i get the data, then after that i can get the image itself.\r<br />\n<br />\nSorry for the formatting, i always use Auto Formatting.<br />\n",
    "PostedDate": "2013-08-19T07:09:19.937-07:00",
    "UserRole": null,
    "MarkedAsAnswerDate": null
  },
  {
    "Id": "1082181",
    "ThreadId": "453821",
    "Html": "LZ4Stream uses BLOCK compression, so you need to Close/Dispose it to flush last chuck of data.<br />\n<pre><code>using (var lz4Stream = new LZ4Stream(tcpStream, CompressionMode.Compress))\n{\n    // write data...\n}</code></pre>\n\nYou don't need to change block size, in most cases default value is just fine (the default is 1MB, and every block adds some overhead, and cripples compression ratio - setting it to 1024 bytes - bad idea)<br />\n",
    "PostedDate": "2013-08-19T07:11:00.857-07:00",
    "UserRole": null,
    "MarkedAsAnswerDate": null
  },
  {
    "Id": "1082183",
    "ThreadId": "453821",
    "Html": "As I said, I can't see Using (or Close or Dispose) when you're writing to LZ4Stream. <br />\n",
    "PostedDate": "2013-08-19T07:14:51.393-07:00",
    "UserRole": null,
    "MarkedAsAnswerDate": null
  },
  {
    "Id": "1082186",
    "ThreadId": "453821",
    "Html": "Wait, so i need to handle it differently compared to Tcp.GetStream()?<br />\nAs, i do dispose of them, but only outside the loop, meaning, i don´t remake the Client on every loop, couldn´t even if i wanted to though, it would break the connection.<br />\n<br />\nhmm, doesn´t seem to work, did like this:<br />\n<pre><code>   while (tcp.Connected &amp;&amp; capcon == true)\n                            {\n                                try\n                                {\n                                    using (var ms = new MemoryStream())\n                                    {\n                                        using (var strum = new LZ4Stream(tcp.GetStream(), System.IO.Compression.CompressionMode.Compress, false))\n                                        {\n                                            FastMethods.CaptureBitBit(hwnd, JpegParam, jpeg, ms);\n\n                                            //if (bsize != ms.Length &amp;&amp; tcp.Connected)\n                                            //{\n\n                                            bsize = ms.Length;\n                                            strum.Write(BitConverter.GetBytes(bsize), 0, intsize);\n                                            //tcp.GetStream().Write(BitConverter.GetBytes(bsize), 0, intsize);\n                                            strum.Write(ms.GetBuffer(), 0, (int)bsize);\n                                        }\n                                        //tcp.GetStream().Write(ms.GetBuffer(), 0, (int)bsize);\n                                        //}\n                                    }\n                                }</code></pre>\n\nExcuse the mess.<br />\n",
    "PostedDate": "2013-08-19T07:23:26.91-07:00",
    "UserRole": null,
    "MarkedAsAnswerDate": null
  },
  {
    "Id": "1082197",
    "ThreadId": "453821",
    "Html": "You are giving me some partial code. I don't know where communication starts and where it ends.<br />\n<br />\nBottom line is: LZ4Stream needs to be closed because it is IDisposable, and it relias on IDisposable being used properly.<br />\nWhen you create LZ4Stream you need to dispose it somewhere. In you example you are disposing it after sending first picture. Do you want this? I doubt it.<br />\n<br />\nIf you send me working example with TCP stream I can analyze this and send you &quot;LZ4-ed&quot; version of it.<br />\n",
    "PostedDate": "2013-08-19T07:51:31.287-07:00",
    "UserRole": null,
    "MarkedAsAnswerDate": null
  },
  {
    "Id": "1082200",
    "ThreadId": "453821",
    "Html": "Yeah well, the rest is a total mess with nothing to really do with the actual communication.\r<br />\nIf you look at TCP GetStream() i have  commented out, those work perfectly.\r<br />\nAnd i am just trying to replace them with LZ4Stream.\r<br />\n<br />\nAnd Now i understand what you mean, and yeah, i am keeping check with that.\r<br />\nThought you meant i needed to dispose of it all the time.\r<br />\n<br />\n<br />\nBut is you look at the GetStream, and then Strum, i have done exactly the same, shouldn´t it work, or am i missing something?\r<br />\n(If you ignore that i dispose of it all the time in the last example, which i am not doing now, i dispose of it outside the loop when i am done).<br />\n",
    "PostedDate": "2013-08-19T07:55:41.42-07:00",
    "UserRole": null,
    "MarkedAsAnswerDate": null
  },
  {
    "Id": "1082205",
    "ThreadId": "453821",
    "Html": "You didn't. You showed me that in this lines you did the same. Not in whole code. Ther big picture is 'tcp' comes from somewhere, and something is done to it, before the code you sent, and after the code you sent.\r<br />\nIt get's create and disposed (even implicitly), and LZ4Stream isn't.<br />\n",
    "PostedDate": "2013-08-19T08:02:48.17-07:00",
    "UserRole": null,
    "MarkedAsAnswerDate": null
  },
  {
    "Id": "1082209",
    "ThreadId": "453821",
    "Html": "Okay well, will show more of the code and try to clean up the uneeded parts.<br />\n<br />\nSend Part:<br />\n<pre><code>        private void Send()\n        {\n            try\n            {\n                using (var proc = Process.GetProcessesByName(Proccessname.Text)[0])\n                {\n                    hwnd = proc.MainWindowHandle;\n                }\n                using (EncoderParameters JpegParam = new EncoderParameters())\n                {\n                    JpegParam.Param[0] = new EncoderParameter(System.Drawing.Imaging.Encoder.Quality, 90L);\n\n                    while (capcon == true)\n                    {\n\n                        using (var tcp = new TcpClient())\n                        {\n                            tcp.NoDelay = true;\n                            try\n                            {\n                                if (!tcp.Connected)\n                                    tcp.Connect(adress);\n                            }\n                            catch (Exception e)\n                            {\n                                if (e is SocketException || e is IOException) { }\n                                else\n                                    MessageBox.Show(e.Message + &quot; Tcp Connect : Send&quot;);\n                            }\n\n                            using (var strum = new LZ4Stream(tcp.GetStream(), System.IO.Compression.CompressionMode.Compress, false))\n                            {\n                                while (tcp.Connected &amp;&amp; capcon == true)\n                                {\n                                    try\n                                    {\n                                        using (var ms = new MemoryStream())\n                                        {\n                                            FastMethods.CaptureBitBit(hwnd, JpegParam, jpeg, ms);\n\n                                            //if (bsize != ms.Length &amp;&amp; tcp.Connected)\n                                            //{\n\n                                            bsize = ms.Length;\n                                            strum.Write(BitConverter.GetBytes(bsize), 0, intsize);\n                                            //tcp.GetStream().Write(BitConverter.GetBytes(bsize), 0, intsize);\n                                            strum.Write(ms.GetBuffer(), 0, (int)bsize);\n                                            //  tcp.GetStream().Write(ms.GetBuffer(), 0, (int)bsize);\n                                        }\n\n                                        //}\n                                    }\n\n                                    catch (Exception e)\n                                    {\n                                        if (e is SocketException || e is IOException)\n                                        {\n                                            break;\n                                        }\n                                        else\n                                            MessageBox.Show(e.Message + &quot;: Send Error&quot;);\n                                    }\n                                }\n                            }\n                        }\n                    }\n\n                }\n            }\n            catch (Exception e)\n            {\n                MessageBox.Show(e.Message + &quot;SEND&quot;);\n            }\n        }</code></pre>\n\nReceiving:<br />\n<pre><code>    private void Listen()</code></pre>\n\n<pre><code>        {\n            try\n            {\n                tcplisten.Start();\n                using (tt1 = tcplisten.AcceptTcpClient())\n                {\n                    using (var strum = new LZ4Stream(tt1.GetStream(), System.IO.Compression.CompressionMode.Decompress, false))\n                    {\n                        tt1.NoDelay = true;\n                        byte[] lenArray = new byte[intsize];\n                        //tt1.GetStream().Read(lenArray, 0, 4);\n\n\n                        strum.Read(lenArray, 0, 4);\n                        \n                        Int32 length = BitConverter.ToInt32(lenArray, 0);\n                        var tempBytes = new byte[length];\n                        var ms = new MemoryStream(tempBytes);\n                        if (checkBox1.Checked &amp;&amp; tt1.Connected)\n                        {\n\n                            try\n                            {\n\n                                SlimDX.Windows.MessagePump.Run(form, () =&gt;\n                                {\n                                    if (checkBox1.Checked &amp;&amp; tt1.Connected)\n                                    {\n                                        tempBytes = new byte[length];\n                                        ms = new MemoryStream(tempBytes);\n\n                                        int currentPosition = 0;\n                                        while (currentPosition &lt; length)\n                                        {\n                                            currentPosition += strum.Read(tempBytes, currentPosition, length - currentPosition);\n                                            //currentPosition += tt1.GetStream().Read(tempBytes, currentPosition, length - currentPosition);\n                                        }\n\n                                 //       tt1.GetStream().Read(tempBytes, 0, length);\n\n                                        //newImage = Image.FromStream(ms);\n\n                                        strum.Read(lenArray, 0, 4);\n\n                                        //tt1.GetStream().Read(lenArray, 0, 4);\n                                        length = BitConverter.ToInt32(lenArray, 0);\n                                    }\n                                });\n                            }\n                            catch (Exception e)\n                            {\n                                if (e is ObjectDisposedException) { }\n                                else if (e is IOException || e is ArgumentException || e is SocketException)\n                                {\n                                    return;\n                                }\n                                else\n                                    MessageBox.Show(e.Message + &quot;Listen() 2&quot;);\n                            }\n                        }\n                    }\n                }\n            }\n            catch (Exception e)\n            {\n                if (e is SocketException || e is IOException || e is OverflowException || e is InvalidOperationException)\n                {\n                    return;\n                }\n                else\n                    MessageBox.Show(e.Message + &quot;Listen()&quot;);\n            }\n\n        }</code></pre>\n\nThis is the whole code on the send and receiving, Receiving got a bit cleaned up, but it was just stuff like Device initialization.<br />\n",
    "PostedDate": "2013-08-19T08:08:16.1-07:00",
    "UserRole": null,
    "MarkedAsAnswerDate": null
  },
  {
    "Id": "1082401",
    "ThreadId": "453821",
    "Html": "Ok.\r<br />\nSo it did trace back to bug in LZ4Stream. It was working perfectly with stream which do provide all the data (like FileStream) but not so great with stream which deliver data over time (like NetworkStream).\r<br />\nI'll fix it when I'm back from holiday.\r<br />\n<br />\nAlthough, I managed to make it work with additional pass-through stream.\r<br />\n<br />\nExample server (no difference here):<br />\n<pre><code>using System;\nusing System.IO;\nusing System.IO.Compression;\nusing System.Net;\nusing System.Net.Sockets;\n\nnamespace LZ4.Test.Service\n{\n    internal class Program\n    {\n        private static void Main(string[] args)\n        {\n            var folder = args[0];\n\n            var listener = new TcpListener(IPAddress.Any, 4444);\n            listener.Start();\n\n            while (true)\n            {\n                try\n                {\n                    Console.WriteLine(&quot;Waiting for client...&quot;);\n                    var client = listener.AcceptTcpClient();\n                    using (var tcpStream = client.GetStream())\n                    using (var lz4Stream = new LZ4Stream(tcpStream, CompressionMode.Compress))\n                    using (var writer = new BinaryWriter(lz4Stream))\n                    {\n                        foreach (var file in Directory.GetFiles(folder, &quot;*&quot;, SearchOption.AllDirectories))\n                        {\n                            Console.WriteLine(file);\n\n                            writer.Write(file);\n                            var bytes = File.ReadAllBytes(file);\n                            writer.Write(bytes.Length);\n                            writer.Write(bytes);\n                        }\n\n                        writer.Write(string.Empty);\n                    }\n                }\n                catch (Exception e)\n                {\n                    Console.WriteLine(&quot;{0}: {1}&quot;, e.GetType().Name, e.Message);\n                }\n            }\n\n            // listener.Stop();\n        }\n    }\n}</code></pre>\n\nand example client:<br />\n<pre><code>using System;\nusing System.IO;\nusing System.IO.Compression;\nusing System.Net.Sockets;\n\nnamespace LZ4.Test.Client\n{\n    internal class Program\n    {\n        private static void Main(string[] args)\n        {\n            var host = &quot;127.0.0.1&quot;;\n            if (args.Length &gt; 0) host = args[0];\n\n            var client = new TcpClient();\n            client.Connect(host, 4444);\n\n            Console.WriteLine(&quot;Connected...&quot;);\n\n            using (var tcpStream = client.GetStream())\n            using (var bufStream = new BlockingBufferStream(tcpStream))\n            using (var lz4Stream = new LZ4Stream(bufStream, CompressionMode.Decompress))\n            using (var reader = new BinaryReader(lz4Stream))\n            {\n                while (true)\n                {\n                    var file = reader.ReadString();\n                    if (file.Length == 0) break;\n                    Console.WriteLine(file);\n                    var length = reader.ReadInt32();\n                    var bytes = reader.ReadBytes(length);\n                }\n            }\n\n            Console.WriteLine(&quot;Done.&quot;);\n            Console.ReadLine();\n        }\n    }\n}</code></pre>\n\nthis additional element you need is BlockingBufferStream:<br />\n<pre><code>    public class BlockingBufferStream: Stream\n    {\n        private readonly Stream _innerStream;\n\n        public BlockingBufferStream(Stream innerStream)\n        {\n            _innerStream = innerStream;\n        }\n\n        public override bool CanRead { get { return _innerStream.CanRead; } }\n        public override bool CanSeek { get { return _innerStream.CanSeek; } }\n        public override bool CanWrite { get { return _innerStream.CanWrite; } }\n        public override bool CanTimeout { get { return _innerStream.CanTimeout; } }\n        public override void Flush() { _innerStream.Flush(); }\n        public override long Length { get { return _innerStream.Length; } }\n\n        public override long Position\n        {\n            get { return _innerStream.Position; }\n            set { _innerStream.Position = value; }\n        }\n\n        public override int Read(byte[] buffer, int offset, int count)\n        {\n            var total = 0;\n            while (count &gt; 0)\n            {\n                var chunk = _innerStream.Read(buffer, offset, count);\n                if (chunk == 0 &amp;&amp; total == 0) return 0;\n                offset += chunk;\n                count -= chunk;\n                total += chunk;\n            }\n            return total;\n        }\n\n        public override long Seek(long offset, SeekOrigin origin)\n        {\n            return _innerStream.Seek(offset, origin);\n        }\n\n        public override void SetLength(long value)\n        {\n            _innerStream.SetLength(value);\n        }\n\n        public override void Write(byte[] buffer, int offset, int count)\n        {\n            _innerStream.Write(buffer, offset, count);\n        }\n\n        public override int ReadByte()\n        {\n            return _innerStream.ReadByte();\n        }\n\n        public override void WriteByte(byte value)\n        {\n            _innerStream.WriteByte(value);\n        }\n\n        public override void Close()\n        {\n            _innerStream.Close();\n            base.Close();\n        }\n\n        protected override void Dispose(bool disposing)\n        {\n            if (disposing)\n                _innerStream.Dispose();\n            base.Dispose(disposing);\n        }\n    }\n</code></pre>\n\n",
    "PostedDate": "2013-08-19T16:31:29.16-07:00",
    "UserRole": null,
    "MarkedAsAnswerDate": null
  },
  {
    "Id": "1082464",
    "ThreadId": "453821",
    "Html": "Hmm doesn´t work, think i messed something up though, so probably my fault.<br />\n<br />\nBut i don´t understand one thing in your code. Why does the Client Decompress and the Server Compress?<br />\nIsn´t it supposed to be the other way around?<br />\n<br />\nThanks<br />\n<br />\nEDIT:<br />\n<br />\nWell it does work with normal Stream... But i get that it has &quot;Forcibly Refused Connection&quot; for some reason.<br />\nhmm.<br />\n<br />\nWell it seems like before, if i change the blocksize to about 1024, everything works, but only for Jpeg.<br />\nif i change to .Bmp it &quot;works&quot; but is extremely slow.<br />\n<br />\nNot sure why i have to change the blocksize:S<br />\n",
    "PostedDate": "2013-08-19T20:05:02.81-07:00",
    "UserRole": null,
    "MarkedAsAnswerDate": null
  },
  {
    "Id": "1082518",
    "ThreadId": "453821",
    "Html": "This is just an example.\r<br />\nServer waits for clients. Clients connect, server compresses given folder and sends files over TCP to client. Clients decompresses them and does... well.. nothing in this examples.\r<br />\nThis example is about just about compressed transmission over TCP. And it DOESN'T work with small block size. Well it maybe does but it's a fluke, not a fix. Although adding BlockingBufferedStream on a Client (well, READING side) does fix the problem.<br />\n",
    "PostedDate": "2013-08-20T00:12:49.843-07:00",
    "UserRole": null,
    "MarkedAsAnswerDate": null
  },
  {
    "Id": "1082522",
    "ThreadId": "453821",
    "Html": "Okay, well i used it as you showed i think.\r<br />\n<br />\nMeaning, i take my screenshot, then send it throught the Blockbuffstream, and then receive it with a normal lz4stream.\r<br />\n<br />\nSo it´s the same except i added the Blockbuffstream.\r<br />\n<br />\nAnd well, it didn´t work.\r<br />\n<br />\nHmm, but then again, it may be better to just compress it while i am saving the image.\r<br />\n<br />\nThough i have tried that and didn´t succeed, so will show you:\r<br />\n<br />\n   internal static void CaptureBitBit(IntPtr hwnd, EncoderParameters JpegParam, ImageCodecInfo jpeg, LZ4Stream ms)<br />\n<pre><code>    {\n        Rect rc;\n        GetWindowRect(hwnd, out rc);\n\n        using (Bitmap bmp = new Bitmap(rc.Width, rc.Height, System.Drawing.Imaging.PixelFormat.Format32bppArgb))\n        {\n            using (Graphics g = Graphics.FromImage(bmp))\n            {\n                IntPtr dc1 = g.GetHdc(); \n                IntPtr dc2 = GetWindowDC(hwnd);\n                try\n                {\n                    BitBlt(dc1, 0, 0, rc.Width, rc.Height, dc2, 0, 0, 13369376);\n                }\n                finally\n                {\n                    g.ReleaseHdc(dc1);\n                }\n            }\n\n            //bmp.Save(ms, ImageFormat.Bmp);\n\n            bmp.Save(ms, jpeg, JpegParam);\n        }\n    }\n</code></pre>\n\nSo i have a LZ4Steam, that will write to a memorystream, like this:\r<br />\n<br />\nvar ms = new MemoryStream();\r<br />\nLZ4Stream LZ4 = new LZ4Stream(ms,Compress,false);\r<br />\n<br />\n<br />\nSo if i understand this right.\r<br />\nIf i tell the bmp to save to the LZ4Stream, it will save it to the MemoryStream compressed.\r<br />\n<br />\nIs this correct?<br />\n",
    "PostedDate": "2013-08-20T00:31:24.117-07:00",
    "UserRole": null,
    "MarkedAsAnswerDate": null
  },
  {
    "Id": "1082682",
    "ThreadId": "453821",
    "Html": "But it seems to me like you don't need LZ4Stream.\r<br />\nYou just need LZ4Codec.Encode(byte[]) and LZ4Codec.Decode(byte[]).\r<br />\nLesve LZ4Stream alone.<br />\n",
    "PostedDate": "2013-08-20T06:57:43.097-07:00",
    "UserRole": null,
    "MarkedAsAnswerDate": null
  },
  {
    "Id": "1082694",
    "ThreadId": "453821",
    "Html": "Depends, the thing is.\r<br />\nIf i use Encode Decode byte (which i prefer, it´s easy), i have to double the work.\r<br />\nAt least from my knowledge of how to do it, for example.\r<br />\n<br />\ni have an image named bmp.\r<br />\n<br />\nbmp.save(ms,blabla,blabla)\r<br />\n<br />\nthen that´s the image save into a memorystream.\r<br />\nBut it´s not LZ4 compressed. So to do it with byte, i have to redo that process(or well not redo, but kinda).\r<br />\n<br />\nnew MemorysStream(LZ4Codec.Encode(ms.getbuffer()));\r<br />\n<br />\n<br />\nSo i have to encode the memorystream buffer, and put that into a new memorystream.\r<br />\n<br />\nSo, why do that, if i can save it encoded into the memorystream at first?\r<br />\n<br />\n<br />\nMaybe i am doing it wrong, don´t know, but that´s at least how i understand it.<br />\n",
    "PostedDate": "2013-08-20T07:22:27.303-07:00",
    "UserRole": null,
    "MarkedAsAnswerDate": null
  },
  {
    "Id": "1087727",
    "ThreadId": "453821",
    "Html": "Back from holiday.<br />\nVersion 1.0.3.93 fixes this problem.<br />\n(you still require &quot;using&quot; on LZ4Stream, as you do &quot;using (var tcp = new TcpClient())&quot;)<br />\n",
    "PostedDate": "2013-09-03T07:51:15.917-07:00",
    "UserRole": null,
    "MarkedAsAnswerDate": null
  }
]