{
  "WorkItem": {
    "AffectedComponent": {
      "Name": "",
      "DisplayName": ""
    },
    "ClosedComment": "",
    "ClosedDate": null,
    "CommentCount": 0,
    "Custom": null,
    "Description": "I created an issue on github with a suggestion to fix LZ4Stream for NetworkStreams so that it doesn't block while reading until the stream is closed.\r\n\r\nhttps://github.com/MiloszKrajewski/lz4net/issues/2\r\n\r\nThanks",
    "LastUpdatedDate": "2015-11-04T02:37:19.063-08:00",
    "PlannedForRelease": "",
    "ReleaseVisibleToPublic": false,
    "Priority": {
      "Name": "Unassigned",
      "Severity": 0,
      "Id": 0
    },
    "ProjectName": "lz4net",
    "ReportedDate": "2015-11-04T02:37:19.063-08:00",
    "Status": {
      "Name": "Proposed",
      "Id": 1
    },
    "ReasonClosed": {
      "Name": "Unassigned"
    },
    "Summary": "Making LZ4Stream suitable for interactive TCP connections",
    "Type": {
      "Name": "Unassigned",
      "Id": 5
    },
    "VoteCount": 1,
    "Id": 6
  },
  "FileAttachments": [],
  "Comments": []
}