{
  "WorkItem": {
    "AffectedComponent": {
      "Name": "",
      "DisplayName": ""
    },
    "ClosedComment": "",
    "ClosedDate": null,
    "CommentCount": 1,
    "Custom": null,
    "Description": "This code fails with IndexOutOfRangeException.\r\n\r\n```\r\nLZ4Codec.WrapHC(new byte[1]);\r\n```",
    "LastUpdatedDate": "2015-07-29T14:08:16.47-07:00",
    "PlannedForRelease": "",
    "ReleaseVisibleToPublic": false,
    "Priority": {
      "Name": "Unassigned",
      "Severity": 0,
      "Id": 0
    },
    "ProjectName": "lz4net",
    "ReportedDate": "2015-01-15T02:46:03.903-08:00",
    "Status": {
      "Name": "Proposed",
      "Id": 1
    },
    "ReasonClosed": {
      "Name": "Unassigned"
    },
    "Summary": "outputLength not checked in Wrap method",
    "Type": {
      "Name": "Unassigned",
      "Id": 5
    },
    "VoteCount": 2,
    "Id": 4
  },
  "FileAttachments": [],
  "Comments": [
    {
      "Message": "Addressed in 1.0.6.93 (see: https://github.com/MiloszKrajewski/lz4net)",
      "PostedDate": "2015-07-29T14:08:06.503-07:00",
      "Id": 187856
    }
  ]
}