{
  "WorkItem": {
    "AffectedComponent": {
      "Name": "",
      "DisplayName": ""
    },
    "ClosedComment": "",
    "ClosedDate": null,
    "CommentCount": 5,
    "Custom": null,
    "Description": "Hello,\r\n\r\nI got these exception running my application on mono (on Framework .Net it works fine)\r\nUnhandled Exception:\r\nSystem.TypeInitializationException: An exception was thrown by the type initializer for LZ4.LZ4Codec ---> System.NotSupportedException: No LZ4 compression service found\r\n  at LZ4.LZ4Codec..cctor () [0x00000] in <filename unknown>:0\r\n\r\nDo you have any idea ?",
    "LastUpdatedDate": "2015-07-29T14:06:17.227-07:00",
    "PlannedForRelease": "",
    "ReleaseVisibleToPublic": false,
    "Priority": {
      "Name": "Unassigned",
      "Severity": 0,
      "Id": 0
    },
    "ProjectName": "lz4net",
    "ReportedDate": "2015-03-23T13:25:14.487-07:00",
    "Status": {
      "Name": "Proposed",
      "Id": 1
    },
    "ReasonClosed": {
      "Name": "Unassigned"
    },
    "Summary": "Exception with mono",
    "Type": {
      "Name": "Unassigned",
      "Id": 5
    },
    "VoteCount": 2,
    "Id": 5
  },
  "FileAttachments": [],
  "Comments": [
    {
      "Message": "I believe I have. On startup it tries to find out which encoder/decoder can be used mixed mode/unsafe/safe. Testing availability of mixed mode involves reading registry key (to find VC++2010 Runtime). \nI understand you don't have registry access on mono.\n\nI will wrap testing from registry in try ... except, but for now you can take LZ4n or LZ4s assembly instead of \"all-on-one\".",
      "PostedDate": "2015-03-24T06:12:56.943-07:00",
      "Id": 179921
    },
    {
      "Message": "Hello,\n\nThank you for your response.\nActually I use nuget to import LZ4 in my project. Is there any way to force LZ4n or LZ4s with it ?\n\n",
      "PostedDate": "2015-03-24T09:31:18.673-07:00",
      "Id": 179932
    },
    {
      "Message": "At the end, my application will run on ARM target. Does LZ4n or LZ4s call x86 native code or it's clearly portable ?",
      "PostedDate": "2015-03-24T09:35:33.733-07:00",
      "Id": 179933
    },
    {
      "Message": "Mono: I will make registry check safer so it will work on Mono without problems\nARM: It depends, that mey or mey not be a problem. LZ4 is algorithm tailored for little-endian architecture. From what I heard (don't quote me on that though) ARM is big-endian but blocks of code may be ran as little endian. But the safe answer is: I DON'T KNOW.",
      "PostedDate": "2015-04-01T04:07:23.33-07:00",
      "Id": 180622
    },
    {
      "Message": "Addressed in 1.0.6.93 (see: https://github.com/MiloszKrajewski/lz4net)",
      "PostedDate": "2015-07-29T14:06:17.227-07:00",
      "Id": 187855
    }
  ]
}