{
  "WorkItem": {
    "AffectedComponent": {
      "Name": "",
      "DisplayName": ""
    },
    "ClosedComment": "Fixed in 1.0.2.93",
    "ClosedDate": "2013-05-29T05:16:43.93-07:00",
    "CommentCount": 2,
    "Custom": null,
    "Description": "I created simple application so i can test LZ4Stream compression and find problem while using CopyTo option.\r\n\r\nI have simple text file of 4400 bytes long compressed to 5kB and uncompressed back to 1 MB ???\r\n\r\nCheck attachment project.",
    "LastUpdatedDate": "2014-03-27T08:56:59.463-07:00",
    "PlannedForRelease": "",
    "ReleaseVisibleToPublic": false,
    "Priority": {
      "Name": "Unassigned",
      "Severity": 0,
      "Id": 0
    },
    "ProjectName": "lz4net",
    "ReportedDate": "2013-05-29T02:09:19.567-07:00",
    "Status": {
      "Name": "Closed",
      "Id": 4
    },
    "ReasonClosed": {
      "Name": "Fixed"
    },
    "Summary": "Stream.CopyTo problem",
    "Type": {
      "Name": "Unassigned",
      "Id": 5
    },
    "VoteCount": 1,
    "Id": 1
  },
  "FileAttachments": [
    {
      "FileId": 686146,
      "FileName": "LZ4_test.7z",
      "DownloadUrl": ".\\686146"
    }
  ],
  "Comments": [
    {
      "Message": "I will take a look tonight. Thanks for reporting.",
      "PostedDate": "2013-05-29T02:58:40-07:00",
      "Id": 101530
    },
    {
      "Message": "Addressed in 1.0.2.93.",
      "PostedDate": "2014-03-27T08:56:59.463-07:00",
      "Id": 139006
    }
  ]
}