{
  "WorkItem": {
    "AffectedComponent": {
      "Name": "",
      "DisplayName": ""
    },
    "ClosedComment": "",
    "ClosedDate": "2013-05-29T05:04:33.163-07:00",
    "CommentCount": 2,
    "Custom": null,
    "Description": "I compressed file using lz4.exe and compare it with file created using LZ4Stream and it does not give valid compression stream!\r\n\r\nDifferences can be checked by binary comparing files (I compare file from other issue)",
    "LastUpdatedDate": "2013-05-29T07:50:12.657-07:00",
    "PlannedForRelease": "",
    "ReleaseVisibleToPublic": false,
    "Priority": {
      "Name": "Unassigned",
      "Severity": 0,
      "Id": 0
    },
    "ProjectName": "lz4net",
    "ReportedDate": "2013-05-29T03:39:39.683-07:00",
    "Status": {
      "Name": "Closed",
      "Id": 4
    },
    "ReasonClosed": {
      "Name": "Not a bug"
    },
    "Summary": "Compressed stream is not valid",
    "Type": {
      "Name": "Unassigned",
      "Id": 5
    },
    "VoteCount": 1,
    "Id": 2
  },
  "FileAttachments": [
    {
      "FileId": 686165,
      "FileName": "lz4_compression_stream.png",
      "DownloadUrl": ".\\686165"
    }
  ],
  "Comments": [
    {
      "Message": "LZ4Stream is NOT the same stream as produced by lz4 C library. It is not compatible, and it was never meant to be. I just adapted BlockCompressionStream which I wrong long time ago handling any block compression.\n\nCurrently, I'm not planning to implement compatible lz4 stream.",
      "PostedDate": "2013-05-29T05:02:20.313-07:00",
      "Id": 101537
    },
    {
      "Message": "Let clear some confusion.\n\nA buffer compressed with original LZ4 is compatible with buffer compressed with LZ4.NET (you can compress with one and decompress with the other one). They might not be identical (depending on configuration , for example dictionary size, and release) but they ARE compatible.\n\nLZ4 command line tool uses LZ4HC by default, while LZ4Stream uses LZ4 (not HC).\n\nLZ4Stream is just a wrapper around block compression and it adds some kind of header before every block. This header has different format than header added by original LZ4 stream proposed by Yann.\nThe reason is I wrote this stream encapsulation long time ago for any block compression and just adapted it for LZ4.",
      "PostedDate": "2013-05-29T07:50:12.657-07:00",
      "Id": 101549
    }
  ]
}