{
  "WorkItem": {
    "AffectedComponent": {
      "Name": "",
      "DisplayName": ""
    },
    "ClosedComment": "",
    "ClosedDate": "2014-09-19T04:33:28.403-07:00",
    "CommentCount": 4,
    "Custom": null,
    "Description": "Hi! Great job you performed there; congratulations.\r\n\r\nBut I'm having some issues here in VS2010. I can't decode data compressed by Lz4-for-NET.\r\n\r\nSince I don't know really the size of UNCOMPRESSED OUTPUT (I'm handling with 4 to 8 Mb of random data), it should allow me to decode data wihout that information. \r\n\r\nAnd I have a little test here using the following code. I noticed that:\r\n1- Encode and EncodeHC created the SAME data output, in size and contents.\r\n2- I can't decode it.\r\n\r\nSee code:\r\n\r\nDim cave As Byte() = Encoding.ASCII.GetBytes(\"akhjkahwy98skhssbsy9ydddddddddddddddddddddddddddd9879roefhdohoffhsd08wyfy0y0y0fsdfhdoshssodhossssssssssssssssss0980w98r0uepewjfejdjefd0pe90c8[0280238v[089rv0[8g09rbv90[8r908r[v8g98vbeb8fub0vu0[r7[027g[ v97g3907g90r7v7vg03r7vg309720[9v7g0[r927g0397g[0\")\r\n\r\n        Matriz2 = LZ4.LZ4Codec.EncodeHC(cave, 0, cave.Length)\r\n        Debug.Print(LZ4.LZ4Codec.CodecName)\r\n        Debug.Print(Matriz2.Length.ToString)\r\n\r\n'---  Above was 100%. Using VS2010, mixed mode, output = MixedMode 64/MixedMode 64/MixedMode 64HC\r\n\r\n\r\n        matriz3 = LZ4.LZ4Codec.Encode(cave, 0, cave.Length)\r\n        Debug.Print(LZ4.LZ4Codec.CodecName)\r\n        Debug.Print(matriz3.Length.ToString)\r\n\r\n'---  Above was 100%. Using VS2010, mixed mode, output = MixedMode 64/MixedMode 64/MixedMode 64HC   <<< but I don't called HC !!  I called ENCODE alone...\r\n\r\n\r\n\r\n        Dim tamanho As Integer = matriz3.Length\r\n        Dim teste As String = Encoding.ASCII.GetString(LZ4.LZ4Codec.Decode(matriz3, 0, tamanho, 1))\r\n\r\nOPS!!  ERROR.   Since I defined as 1 (or even 0) the function throws an exception. But in THIS case I know the size of the output, but in the real life I won't know.\r\n\r\nKind regards,\r\nDavid\r\n\r\n\r\n",
    "LastUpdatedDate": "2014-09-19T04:33:28.403-07:00",
    "PlannedForRelease": "",
    "ReleaseVisibleToPublic": false,
    "Priority": {
      "Name": "Unassigned",
      "Severity": 0,
      "Id": 0
    },
    "ProjectName": "lz4net",
    "ReportedDate": "2014-09-06T18:21:06.723-07:00",
    "Status": {
      "Name": "Closed",
      "Id": 4
    },
    "ReasonClosed": {
      "Name": "Not a bug"
    },
    "Summary": "problems with DLL ?",
    "Type": {
      "Name": "Unassigned",
      "Id": 5
    },
    "VoteCount": 1,
    "Id": 3
  },
  "FileAttachments": [],
  "Comments": [
    {
      "Message": "I'm not sure if I understand it right.\nYou are not saying there is a bug, you just request new feature, right?\nYou are not saying that you provide right output length but it crashes, you are saying that you don't want to provide output length, and LZ4 should guess it automatically?\n\nAm I right?",
      "PostedDate": "2014-09-08T14:40:38.083-07:00",
      "Id": 159127
    },
    {
      "Message": "Hi Krasham,\n\nYes, I don't see it as a bug, but how can I know the uncompressed length of a received compressed data?\nLet's suppose I receive a STRING or BYTE data from someone. To uncompress it I must define a kind of buffer for this (the third parameter of the uncompress function). But how can estimate the correct size for it?\n\nI had compressed both BYTE and STRING data but to uncompress them I need to inform the size of the destination buffer - or in other words, its UNCOMPRESSED length, right? I suppose its not correct...\n\nI tried the values of 1, 0 and empty parameter and in all of them I received an error from function.\nMy problem is NOT to allocate megabytes of buffer to do it, but:\n\n1- The buffer size may vary from data to data (eg. 120kb or 12Mb compressed data)\n2- I don't know the rate of compression efectively done, so, I need ONLY to estimate a buffer size - and this may cause error if underestimated.\n\nThanks for your prompt answer.\nKind regards!",
      "PostedDate": "2014-09-08T15:08:03.513-07:00",
      "Id": 159129
    },
    {
      "Message": "So this is not the \"problem with DLL\" it is just how it works. You do need to provide proper output length.\nYou can workaround this issue by using: LZ4Codec.Wrap/LZ4Codec.Unwrap or LZ4Stream. Both ways storing length is handled for you.",
      "PostedDate": "2014-09-10T03:21:45.68-07:00",
      "Id": 159328
    },
    {
      "Message": "Hmmm.....  I understood.  Thanks for your reply, I will make some tests later.\nKind regards Krashan.",
      "PostedDate": "2014-09-10T13:43:54.313-07:00",
      "Id": 159375
    }
  ]
}