[
  {
    "Id": "0",
    "Name": "1.0.3.93",
    "DevelopmentStatus": "Stable",
    "Description": "- bugfix for LZ4Stream (problems with decompression from network stream)",
    "ReleasedDatge": "0001-01-01T00:00:00",
    "ModifiedDate": "2013-09-03T07:28:35.147-07:00",
    "Files": [
      {
        "Id": "b81856e9-cb03-4eb2-8956-cefc8e2dd07f",
        "FileName": "lz4net-1.0.3.93-all-in-one.zip",
        "Url": "./0/b81856e9-cb03-4eb2-8956-cefc8e2dd07f",
        "Type": "Application",
        "UploadDate": "2013-09-03T07:28:34.6-07:00"
      },
      {
        "Id": "f5fbf59d-e654-486d-9051-f0a52bf8527b",
        "FileName": "lz4net-1.0.3.93-bin.zip",
        "Url": "./0/f5fbf59d-e654-486d-9051-f0a52bf8527b",
        "Type": "Application",
        "UploadDate": "2013-09-03T07:28:34.617-07:00"
      },
      {
        "Id": "64bca035-638b-489c-8470-cceeb4ec34dc",
        "FileName": "lz4net-1.0.3.93-src.zip",
        "Url": "./0/64bca035-638b-489c-8470-cceeb4ec34dc",
        "Type": "Source Code",
        "UploadDate": "2013-09-03T07:28:34.693-07:00"
      }
    ]
  },
  {
    "Id": "1",
    "Name": "1.0.2.93",
    "DevelopmentStatus": "Stable",
    "Description": "1.0.2.93:\n+ Fixed a bug in LZ4Stream which was causing that last chunk in stream was always 1MB",
    "ReleasedDatge": "0001-01-01T00:00:00",
    "ModifiedDate": "2013-05-29T12:59:17.71-07:00",
    "Files": [
      {
        "Id": "a139110e-499e-40da-a5e4-a64337c4400b",
        "FileName": "lz4net 1.0.2.93 all-in-one.zip",
        "Url": "./1/a139110e-499e-40da-a5e4-a64337c4400b",
        "Type": "Application",
        "UploadDate": "2013-05-29T12:59:17.337-07:00"
      },
      {
        "Id": "9cc90347-3fb4-4fe3-b0c2-0cc988f3467a",
        "FileName": "lz4net 1.0.2.93 binary.zip",
        "Url": "./1/9cc90347-3fb4-4fe3-b0c2-0cc988f3467a",
        "Type": "Application",
        "UploadDate": "2013-05-29T12:59:17.367-07:00"
      },
      {
        "Id": "49dd92fa-fab1-4244-a0a3-581a9a5221af",
        "FileName": "lz4net 1.0.2.93 source.zip",
        "Url": "./1/49dd92fa-fab1-4244-a0a3-581a9a5221af",
        "Type": "Source Code",
        "UploadDate": "2013-05-29T12:59:17.43-07:00"
      }
    ]
  },
  {
    "Id": "2",
    "Name": "lz4net 1.0.1.93 all-in-one",
    "DevelopmentStatus": "Stable",
    "Description": "*1.0.1.93*: \n* *Please note*: even if it is distributed as one assembly, technically it 6 assembles, it still handles same configurations: Safe AnyCPU, Unsafe AnyCPU, C++/CLI x86/x64 and MixedMode x86/x64; see [url:LibZ|https://libz.codeplex.com/] for details.\n* LZ4HC codec added\n** asymmetric compression (slow compression with higher compression ratio, ultra fast decompression - it actually uses the same algorithms for decompression as original LZ4)\n* LZ4Stream added\n* adapted from [url:r93|http://code.google.com/p/lz4/] release of LZ4\n* serveral speed improvements\n** Safe compression improved by ~4%\n** Safe decompression improved by ~20-30% (!)\n** Minimal improvement of compression/decompression of other algorithms (0%-5%)",
    "ReleasedDatge": "0001-01-01T00:00:00",
    "ModifiedDate": "2013-05-04T12:48:52.857-07:00",
    "Files": [
      {
        "Id": "765b25aa-d578-41b3-9b38-128c0e7eec70",
        "FileName": "LZ4 1.0.1.93 bin all-in-one.zip",
        "Url": "./2/765b25aa-d578-41b3-9b38-128c0e7eec70",
        "Type": "Application",
        "UploadDate": "2013-05-04T12:46:31.13-07:00"
      },
      {
        "Id": "1f1afdc4-6025-4d93-9afa-7b489fd86f31",
        "FileName": "LZ4 1.0.1.93 bin.zip",
        "Url": "./2/1f1afdc4-6025-4d93-9afa-7b489fd86f31",
        "Type": "Application",
        "UploadDate": "2013-05-04T12:46:31.177-07:00"
      },
      {
        "Id": "39738cee-38b4-4426-8870-947a688eeef6",
        "FileName": "LZ4 1.0.1.93 src.zip",
        "Url": "./2/39738cee-38b4-4426-8870-947a688eeef6",
        "Type": "Source Code",
        "UploadDate": "2013-05-04T12:46:31.193-07:00"
      }
    ]
  },
  {
    "Id": "3",
    "Name": "lz4net 1.0.0.88",
    "DevelopmentStatus": "Beta",
    "Description": "* initial release",
    "ReleasedDatge": "0001-01-01T00:00:00",
    "ModifiedDate": "2013-01-29T09:09:56.38-08:00",
    "Files": [
      {
        "Id": "5ab6ac10-d40f-4554-9a36-adec8d1536c3",
        "FileName": "lz4net-1.0.0.88-src.zip",
        "Url": "./3/5ab6ac10-d40f-4554-9a36-adec8d1536c3",
        "Type": "Source Code",
        "UploadDate": "2013-01-29T09:09:37.537-08:00"
      },
      {
        "Id": "a8b8e4dc-3bcc-4e85-b976-16e9c56d1ba8",
        "FileName": "lz4net-1.0.0.88-bin.zip",
        "Url": "./3/a8b8e4dc-3bcc-4e85-b976-16e9c56d1ba8",
        "Type": "Application",
        "UploadDate": "2013-01-29T09:09:37.567-08:00"
      }
    ]
  },
  {
    "Id": "4",
    "Name": "1.0.5.93",
    "DevelopmentStatus": "Beta",
    "Description": "+ added VS 2010 Runtime detection\n+ wrapping/unwrapping functions (see: [url:https://lz4net.codeplex.com/discussions/529133])",
    "ReleasedDatge": "0001-01-01T00:00:00",
    "ModifiedDate": "2014-04-27T16:40:55.563-07:00",
    "Files": [
      {
        "Id": "be7c742a-4a0d-4d05-b954-d63da6fd4847",
        "FileName": "lz4net-1.0.5.93-all-in-one.zip",
        "Url": "./4/be7c742a-4a0d-4d05-b954-d63da6fd4847",
        "Type": "Application",
        "UploadDate": "2014-04-27T16:40:55.313-07:00"
      },
      {
        "Id": "6f6d091b-62f6-4aab-9065-f042601a9a5c",
        "FileName": "lz4net-1.0.5.93-binary.zip",
        "Url": "./4/6f6d091b-62f6-4aab-9065-f042601a9a5c",
        "Type": "Application",
        "UploadDate": "2014-04-27T16:40:55.407-07:00"
      }
    ]
  }
]