[
  {
    "Title": "Home",
    "Id": "1838320",
    "ParentWikiTitle": "Home",
    "FileExtension": "codeplexwiki",
    "UpdatedDate": "2015-10-06T13:26:02.73-07:00",
    "FileAttachments": []
  },
  {
    "Title": "Old welcome page",
    "Id": "1838313",
    "ParentWikiTitle": "Home",
    "FileExtension": "codeplexwiki",
    "UpdatedDate": "2015-10-06T13:22:06.847-07:00",
    "FileAttachments": []
  },
  {
    "Title": "Wrapping compressed chunk",
    "Id": "851276",
    "ParentWikiTitle": "Documentation",
    "FileExtension": "codeplexwiki",
    "UpdatedDate": "2014-04-18T16:29:42.903-07:00",
    "FileAttachments": []
  },
  {
    "Title": "Documentation",
    "Id": "850194",
    "ParentWikiTitle": "Documentation",
    "FileExtension": "codeplexwiki",
    "UpdatedDate": "2014-04-16T01:07:41.237-07:00",
    "FileAttachments": []
  },
  {
    "Title": "Automiatic loading of x86 or x64",
    "Id": "727184",
    "ParentWikiTitle": "Documentation",
    "FileExtension": "codeplexwiki",
    "UpdatedDate": "2013-05-05T13:34:43.597-07:00",
    "FileAttachments": []
  },
  {
    "Title": "Comparison to other algorithms",
    "Id": "688855",
    "ParentWikiTitle": "Documentation",
    "FileExtension": "codeplexwiki",
    "UpdatedDate": "2013-02-06T07:35:42.683-08:00",
    "FileAttachments": [
      {
        "Id": "f0c5e871-b74d-4fd0-94cd-17891c96b6d9",
        "FileName": "compare-other-encoding-64.png",
        "DownloadUri": "./688855/f0c5e871-b74d-4fd0-94cd-17891c96b6d9"
      },
      {
        "Id": "a7bcb688-911a-49e5-918f-be6f8bbe622f",
        "FileName": "compare-other-decoding-64.png",
        "DownloadUri": "./688855/a7bcb688-911a-49e5-918f-be6f8bbe622f"
      },
      {
        "Id": "c93e7c8d-0db1-47b8-9a43-7538aed45af0",
        "FileName": "pareto.png",
        "DownloadUri": "./688855/c93e7c8d-0db1-47b8-9a43-7538aed45af0"
      },
      {
        "Id": "9748b0a5-2856-495e-a019-2304d358dcd4",
        "FileName": "safe-compare-other-encoding-64.png",
        "DownloadUri": "./688855/9748b0a5-2856-495e-a019-2304d358dcd4"
      },
      {
        "Id": "ff1ce971-a4a9-4ff9-832f-9a5a9451f108",
        "FileName": "safe-compare-other-decoding-64.png",
        "DownloadUri": "./688855/ff1ce971-a4a9-4ff9-832f-9a5a9451f108"
      },
      {
        "Id": "0c7a0852-e8e2-4080-8031-e898fe765c07",
        "FileName": "unsafe-compare-other-encoding-64.png",
        "DownloadUri": "./688855/0c7a0852-e8e2-4080-8031-e898fe765c07"
      },
      {
        "Id": "524b7681-42fd-4341-919c-c7fb55281374",
        "FileName": "unsafe-compare-other-decoding-64.png",
        "DownloadUri": "./688855/524b7681-42fd-4341-919c-c7fb55281374"
      }
    ]
  },
  {
    "Title": "One class to access them all",
    "Id": "688558",
    "ParentWikiTitle": "Documentation",
    "FileExtension": "codeplexwiki",
    "UpdatedDate": "2013-02-05T15:30:48.967-08:00",
    "FileAttachments": []
  },
  {
    "Title": "Performance Testing",
    "Id": "684831",
    "ParentWikiTitle": "Documentation",
    "FileExtension": "codeplexwiki",
    "UpdatedDate": "2013-01-29T02:23:47.577-08:00",
    "FileAttachments": [
      {
        "Id": "11fe4bdb-1b3d-41e4-8438-168f12227c54",
        "FileName": "compare-avg.png",
        "DownloadUri": "./684831/11fe4bdb-1b3d-41e4-8438-168f12227c54"
      },
      {
        "Id": "ce9e3a3c-dfb5-43f3-a3bc-854a8625af18",
        "FileName": "compare-max.png",
        "DownloadUri": "./684831/ce9e3a3c-dfb5-43f3-a3bc-854a8625af18"
      },
      {
        "Id": "e7dd96b9-dd5a-467c-a0ae-1a4a5affdab8",
        "FileName": "compare-max-decode.png",
        "DownloadUri": "./684831/e7dd96b9-dd5a-467c-a0ae-1a4a5affdab8"
      },
      {
        "Id": "4d161c6d-372f-4c93-93be-981b4eefd059",
        "FileName": "compare-max-encode.png",
        "DownloadUri": "./684831/4d161c6d-372f-4c93-93be-981b4eefd059"
      },
      {
        "Id": "46bb5bad-dfd6-4124-8e85-5d22f7e620ed",
        "FileName": "compare-max-nolz4sharp.png",
        "DownloadUri": "./684831/46bb5bad-dfd6-4124-8e85-5d22f7e620ed"
      }
    ]
  }
]
